# FREQ (MHz), Cp (pF), Cs (pF), Ca (pF)
25, 293.946121, 81.2551031, 237.153203
990, 293.946121, 81.2551031, 237.153203
